ALCORTA,2017-01-02,103049376,1L0021BAS,"REMERA BASIC",Linea,00,21,"REMERA M/CORTA",21,"AZUL MARINO",XS,N/A,"Cliente Uno",N/A,cliente1@email.com,1.00,689.00,.00,.00,689.00,FC,"VISA    1P","BANCO EXTRANJERO"
ALCORTA,2017-01-02,103049377,V1775CRA,"BERMUDA CRAFT",Verano,17,75,BERMUDA,21,"AZUL MARINO",LA,E00Z8,"Cliente Dos",,cliente2@email.com,1.00,789.00,.00,.00,6625.00,FC,"VISA    3P","BANCO SANTANDER RIO PLATINUM Y BLACK"
ALCORTA,2017-01-02,103049377,L0071BAL,"CHUPIN BALTHAZAR",Linea,00,71,JEAN,01,BLANCO,34,E00Z8,"Cliente Dos",,cliente2@email.com,1.00,1789.00,.00,.00,6625.00,FC,"VISA    3P","BANCO SANTANDER RIO PLATINUM Y BLACK"
ALCORTA,2017-01-02,103049377,V1764WOO,"CAMPERA WOOLF",Verano,17,64,"CAMPERAS Y PARKAS",62,BEIGE,ME,E00Z8,"Cliente Dos",,cliente2@email.com,1.00,2669.00,.00,.00,6625.00,FC,"VISA    3P","BANCO SANTANDER RIO PLATINUM Y BLACK"
ALCORTA,2017-01-02,103049377,1L0021BAS,"REMERA BASIC",Linea,00,21,"REMERA M/CORTA",21,"AZUL MARINO",ME,E00Z8,"Cliente Dos",,cliente2@email.com,1.00,689.00,.00,.00,6625.00,FC,"VISA    3P","BANCO SANTANDER RIO PLATINUM Y BLACK"
ALCORTA,2017-01-02,103049377,1L0021BAS,"REMERA BASIC",Linea,00,21,"REMERA M/CORTA",12,"GRIS CLARO",ME,E00Z8,"Cliente Dos",,cliente2@email.com,1.00,689.00,.00,.00,6625.00,FC,"VISA    3P","BANCO SANTANDER RIO PLATINUM Y BLACK"
ALCORTA,2017-01-02,103049378,V1775CRA,"BERMUDA CRAFT",Verano,17,75,BERMUDA,21,"AZUL MARINO",ME,01356,"Cliente Tres",,cliente3@email.com,1.00,789.00,.00,.00,789.00,FC,"VISA    1P","BANCO EXTRANJERO"